id,key,name_en,name_it,kcal,protein_g,carbs_g,sugars_g,fat_g,saturated_fat_g,fiber_g,sodium_mg,density_g_per_ml,sources,note
1,guanciale,Guanciale (cured pork cheek),Guanciale,600,10.5,0.5,0.2,62,22.5,0,1200,,Open Food Facts: mediana di 16 etichette (Ferrarini 8008706630202; Citterio 8008410679115; Levoni 8004767013527; Beretta 8007660011324; Negroni 80389149; Conad 8003170077942; Renzini 8007965971033 e altre),grassi 51-73 g secondo rifilatura e cotenna; sale 2.3-4.2 g
2,nduja,'Nduja,'Nduja,530,11,6.5,0.7,52,22,1,1200,,Open Food Facts: mediana di 7 etichette (Callipo 8001561015849; Delizie di Calabria 8007548011279 e 8007548001812; San Donato 8083481810025; Pelligrò 8050847265003; Italiamo 4056489720461; M&S 29349821),proteine 6-21 g e carboidrati 0-10 g secondo peperoncino e grasso; fibre quasi mai dichiarate
3,stracchino,Stracchino / crescenza,Stracchino,275,14,2,1.7,24,16,0,320,,CREA Crescenza (alimentinutrizione.it 160890) e Stracchino (167250); Open Food Facts: 16 etichette (Granarolo 8002670008715; Galbani Certosino 8000430030136; Conad 8003170028951; Coop 8001120594693; Esselunga 8002330123932 e altre),variabilità ±10%; versioni light escluse
4,piadina,Piadina romagnola,Piadina,320,7.2,49,1.2,9.7,1.7,2.1,640,,Open Food Facts: mediana di 15 etichette (Coop 8001120597274; Loriana 8006040192097; Riccione Piadina 8020926000016; Conad 8003170009417; Acquafarina 8000130480132; Despar 8001300620129 e altre),saturi 1-1.7 g con olio e 4.6-8.3 g con strutto; integrali e senza glutine esclusi
5,scamorza,Scamorza / provola,Scamorza,298,23,1,0.5,22.5,15,0,520,,Open Food Facts: 9 etichette (Granarolo 8002670007602; Vallelata 8000430070750; Coop 8001120837417; Eurospin 8017596052551; Lidl 4056489421078 e altre); CREA Scamorza (alimentinutrizione.it 167200),bianca (non affumicata); kcal 265-334 secondo l'umidità
6,scamorza_affumicata,Smoked scamorza / provola,Scamorza affumicata,318,24,1,0.5,24,17,0,520,,Open Food Facts: 11 etichette (Granarolo 8002670007619 e 8002670315790; Carrefour 3560071458713; Vallelata 8000430070767; Coop 8001120813923; Zanetti 8002710333913 e altre),circa +20 kcal rispetto alla bianca
7,caciocavallo,Caciocavallo,Caciocavallo,370,26,2,0.5,28,19,0,680,,Open Food Facts: 11 etichette (Caciocavallo Silano DOP 24129824 e 2210100013796; San Vincenzo 8020263001028; Sassano 2977812007498 e altre); CREA Caciocavallo (alimentinutrizione.it 160800),valore medio: semistagionato ~320 kcal e stagionato ~430 kcal; saturi portati a ~0.67 × grassi
8,speck,Speck Alto Adige,Speck,292,30,0.5,0.5,19,6.6,0,1680,,Open Food Facts: 11 etichette (Moser 8004387019282; Senfter 8003013045510; Recla 8019315087400; Christanell 9001745046668; Galbani 8000430680362; Coop 8001120983756 e altre),valori stabili tra i produttori; grassi e sodio della pagina del Consorzio (speck.it) incoerenti con le etichette ed esclusi
9,ricotta_salata,Ricotta salata,Ricotta salata,280,17,2.2,1.5,22,14,0,1120,,Open Food Facts: 12 etichette (Biraghi 8002004103437; Favolosa di Sardegna 8026329130220; Sardelizie 2100406002665; TerraBuonsa 2898569002096 e altre); nessuna voce CREA,il più variabile: 190-390 kcal secondo stagionatura; sale 1-4.5 g
10,porcini_secchi,Dried porcini mushrooms,Funghi porcini secchi,300,30,27,7,4.5,0.7,20,40,,Open Food Facts: 10 etichette (Conad 8003170052208; Coop Fiorfiore 8001120837943; Despar 8001300212027; Giacomini 8005490372509; Manzoni 80188001 e altre); lecalorie.it,kcal stabili 285-315; carboidrati e zuccheri incoerenti tra etichette (fibre a volte incluse)
11,pandoro,Pandoro,Pandoro,405,7.5,49,24,19.5,12.5,1.4,232,,Open Food Facts: 11 etichette (Bauli 8001720011033; Balocco 8001100051031; Melegatti 8002630010000; Paluani 8002540000078; Motta 8034097876325; Maina 8005190404500 e altre),variabilità bassa (392-414 kcal)
12,colomba,Colomba pasquale,Colomba,386,6.6,55.5,32.5,14,7.5,2.1,160,,Open Food Facts: 10 etichette (Bauli 8001720031031; Balocco 8001100050249; Bistefani 8000520113916; Tre Marie 8004205032004; Coop 8001120016584 e altre),variabilità bassa (367-401 kcal); classica senza farciture
13,halloumi,Halloumi,Halloumi,316,21,2,2,24.5,16.5,0,1040,,Open Food Facts: 11 etichette (Alambra 5290093000475; Dodoni 5201168915013; Lidl 4056489435518; Carrefour 3560071458720; Tesco 5057373126719 e altre),variabilità bassa; sale 2.3-3 g
14,glassa_balsamica,Balsamic glaze,Glassa di aceto balsamico,220,1,52,43,0,0,0.5,40,1.25,Open Food Facts: 11 etichette (Ponti 8001010076568; Monari Federzoni 8003185004421; Fini 8015352315001; Mazzetti 8002461910982; Conad 8003170035133 e altre); De Nigris (fatsecret.it),addensate 180-230 kcal; solo mosto cotto 255-275 kcal; densità stimata (soluzione zuccherina al 45-60%)
